experience_level,salary_in_usd
Entry,97812.38175807078
Executive,199684.5502832861
Mid,137437.00979279022
Senior,168410.47553408385
