job_category,salary_in_usd
Data Analyst,107639.238665411
Data Scientist,161457.66967856613
ML Engineer,167139.89329148686
Manager,162426.90794481448
Other,138475.32134155082
