company_size,salary_in_usd
L,134155.25895765473
M,151774.49606129533
S,82515.61395348837
